,income,debt_ratio,loan_approved
0,37.75234598107316,65.01046092567141,0
1,57.11708480142343,71.95051040430752,0
2,80.38036566465969,13.412878140734804,1
3,45.92526949201183,52.045196819708394,0
4,70.04987278980457,21.01822382750161,1
5,44.74857413342393,42.40400394251262,1
6,37.23186700111079,55.188496229448475,0
7,64.79098406035853,31.528792544159227,1
8,53.021221074111516,27.035085343311152,1
9,45.5623000940066,56.467930119855495,0
10,56.841897150345616,25.50026579284586,1
11,40.438114719791095,50.52678104341249,0
12,51.01432426180859,46.706997638245824,1
13,42.78994162223802,47.48208949904816,0
14,45.387559924463694,33.78145100991405,0
15,51.48637349428715,41.203818352110694,0
16,57.326524371119504,14.883674152435752,1
17,43.09820710227027,40.61722021682633,0
18,30.606646061812455,49.64036554885952,0
19,58.483996523941826,23.85761947916697,1
20,68.07299520876609,31.17370949146658,1
21,69.04981710960955,25.75202435998546,1
22,73.65755194170121,33.059277969472404,1
23,64.9299951743279,50.25096343377476,0
24,41.222975030322836,48.54035820875465,0
25,64.65288230294756,30.913821189296318,1
26,78.07142754282428,19.763384266114386,1
27,43.07406697809101,62.08214423256557,0
28,43.91804005402547,64.52874547202939,0
29,25.8628550309502,54.77131937701118,0
30,70.14438834058748,25.718118307515457,1
31,35.62541699676589,46.94129933503811,0
32,55.80575765766197,38.23324509860515,1
33,45.41462728204788,48.45924316872576,0
34,68.24166352488442,26.428531083595775,1
35,56.39586634716048,39.51576391139712,1
36,75.83051243175277,30.76896621552787,1
37,67.32049937357637,21.43932186939078,1
38,35.567177488084894,56.23204806784486,0
39,65.81874139386322,38.52384300052281,1
40,39.846901508270044,71.39964529371393,0
41,32.81592734430802,63.83109777147159,0
42,45.079913269125434,57.01159655872839,0
43,54.64757677580626,39.381832154074914,1
44,73.9959987543325,28.663055357465165,1
45,53.037933759193294,25.652601830929882,1
46,65.48521627944827,25.009848314433558,1
47,60.289616943816775,44.77309596838133,1
48,60.12874616235304,21.68075258299575,1
49,56.77779604433569,19.757564810632843,1
50,66.7136828118997,43.352172202315145,1
51,74.15402117702074,28.077396814734918,1
52,51.95530499495147,28.618981600473443,1
53,48.93553679742428,27.42691959026094,1
54,68.46448209496975,19.18652315506933,1
55,49.325908318730896,57.80161158819607,0
56,46.628812686674124,53.71462488561069,0
57,71.22849932347499,33.147883083374,1
58,59.2418175935532,32.77203105384572,1
59,62.51035851520926,29.80516326191214,1
60,53.702931453423815,41.00565450649296,1
61,39.90881003355796,73.99881934895215,0
62,40.48860070325704,50.17256477817968,0
63,74.63376129244321,39.194186610285406,1
64,66.84633858532304,30.20872840168667,1
65,72.14000494092092,38.64624580443697,1
66,48.87284128810349,27.097291516482727,1
67,52.791563500289776,16.761146625073845,1
68,68.77300493044852,40.91312343979075,1
69,52.00413907944426,65.76007138598598,0
70,65.74094780419775,42.59189410632026,1
71,61.154444557701744,20.17913747890406,1
72,55.13449743242131,47.12216248091761,0
73,38.78252491616716,49.57326200265978,0
74,61.149177195836835,39.01252023638206,1
75,76.79297184063826,27.437221534445438,1
76,63.076390352188774,29.698922380601214,1
77,65.97676098548831,29.678736394845252,1
78,31.220174132434387,45.94267699137381,0
79,45.863640187550935,46.33825151785499,0
80,49.84808937801448,30.61457512848204,1
81,71.2834550926428,29.4739979114161,1
82,74.75545127122359,28.84511670460846,1
83,81.76437312275283,32.249531391755006,1
84,59.861330826633065,41.81232279780717,1
85,34.70947322653705,66.33770096867065,0
86,68.41151974816644,37.78043559701384,1
87,69.9799829124545,24.551586740200953,1
88,73.22544912103189,21.90316499791866,1
89,70.43360192379934,39.496242444483045,1
90,55.730695284219166,31.623384166810396,1
91,31.125078221979,38.1656180777905,0
92,64.27989878419666,27.960182260633157,1
93,75.0629280921444,34.77920055879886,1
94,79.65648768921554,23.676204356437506,1
95,63.09661321916392,14.014394523743139,1
96,55.18491348952049,29.73498421700962,1
97,65.21003841632759,32.232172206162716,1
98,56.283966231285376,44.32467085745727,0
99,80.4993440501754,33.780779859304346,1
100,77.37816311973462,34.58066225084927,1
101,53.57029702169377,30.23804911596596,1
102,72.57507710047305,39.28661429902816,1
103,31.89747562985619,59.07052287124535,0
104,48.60473488359745,64.53136633913245,0
105,39.643585177025166,51.11481546911114,0
106,52.18761851697317,51.506832038818025,0
107,76.79440120721287,21.987039920840676,1
108,58.070904047393455,35.18967910071714,1
109,67.16458589581976,22.650784428126414,1
110,32.442548405071555,66.09699841956223,0
111,59.00624977046227,37.39706946330215,1
112,49.92042349536523,59.891871301476634,0
113,59.96524345883801,23.773562196781498,1
114,45.15939217704099,53.487267163464885,0
115,60.615035766363974,52.41203937332897,0
116,71.32781866106285,37.346532848018505,1
117,41.486674572021116,62.9994190194205,0
118,65.24510174258943,31.024835319286314,1
119,62.918777496427246,36.56385744957891,1
120,67.13979910734221,16.0822897697752,1
121,60.365823071875376,35.23492525083246,1
122,38.70179300266574,65.80048065714648,0
123,48.3847993773104,33.37536603388228,1
124,71.45375949585147,43.82034536080569,1
125,68.14247332595274,35.806132991189536,1
126,40.320041490657665,58.1917451041918,0
127,52.27668992473292,58.38483843461691,0
128,50.77746290402326,33.44033317752856,1
129,54.37696286273895,33.26602204571577,1
130,69.43819428146229,25.58221564575223,1
131,28.298869739406406,27.96767707000763,0
132,72.81822871777311,24.194049494772276,1
133,29.07687235327421,51.08241850956178,0
134,74.5042383818605,28.23228660936269,1
135,47.41260513576886,21.817659478412757,1
136,74.31280119116198,30.473747472115907,1
137,64.10879960487212,29.69193224399434,1
138,32.151016869177596,68.10308746119608,0
139,67.08863595004756,36.58536467169532,1
140,36.350472704571146,52.751440181919214,0
141,44.746982328799525,45.254706953293585,0
142,92.20169166589619,34.96537678040542,1
143,58.534271157574736,38.24226763225474,1
144,62.86552848288153,31.946715594581534,1
145,83.8618590121053,19.756565180029735,1
146,39.01110346808857,74.38928999058285,0
147,57.84696290740032,26.63850546323314,1
148,55.421099525678756,54.11637040794665,0
149,63.44322764607921,12.772879091170282,1
150,72.51933032686775,29.54443501023146,1
151,15.757597397270583,60.211224283793385,0
152,55.60120213672645,17.388862744126005,1
153,49.493365689338674,31.56676204078145,1
154,65.87047068238171,21.11539323627337,1
155,70.70890510693167,28.50502684670913,1
156,70.47097381170038,35.1638734491286,1
157,68.57787360348283,37.50627044780798,1
158,48.72457562116837,32.42108372191227,1
159,30.269310591184443,38.980341881028316,0
160,50.69858622039367,32.675654319896196,1
161,66.86454314769428,22.013167674089672,1
162,61.723378534022316,34.92748485555411,1
163,58.48163892197841,28.04674691767481,1
164,73.71124703431693,18.883420265891232,1
165,50.240625258114626,60.60919447941239,0
166,46.73181351269958,57.603218387712204,0
167,52.62184501173151,38.35328701655258,1
168,57.02214944635238,72.75310892609512,0
169,60.2082576215471,25.410703944958108,1
170,56.69049883588962,45.31225083093429,1
171,54.422890710440996,26.58495144042064,1
172,74.71570950954356,47.13816286889491,1
173,38.79051851392219,49.37831973421698,0
174,64.25554084233833,43.571650946320304,1
175,39.72695460490068,76.70942717497815,0
176,70.04046515517844,32.08539012659126,1
177,60.30824347895295,27.75119765691236,1
178,50.51915658502676,17.79579863260209,1
179,64.44452301103381,38.37678642089723,1
180,47.96617560644845,31.795614548479776,1
181,44.66429982433527,54.81291243554102,0
182,52.083662305931426,70.98647170504717,0
183,27.760597332377436,59.28307097207649,0
184,54.756123586657104,44.36702138476417,1
185,72.91031947043047,32.46241415113647,1
186,52.889838002375434,33.628274412111836,1
187,45.47912200477498,44.77365860588827,1
188,74.68644990532889,39.27463842691398,1
189,61.48486515958692,36.82732447024246,1
190,61.654987641590516,33.939610112065196,1
191,33.90217095680618,52.850789697112646,0
192,56.602781578192236,36.28640126920666,1
193,34.19476550195277,68.04340242878152,0
194,16.370675644581617,58.51448207541583,0
195,46.95117899335481,20.829236855850496,1
196,34.16922561431062,57.87124165201824,0
197,57.51513463443446,31.583286267701183,1
198,42.88864690992115,27.75459938506581,1
199,68.32314011979592,43.887710425322,1
200,55.09463674869312,30.147471464523147,1
201,41.980788352644154,33.81632661778497,1
202,76.58595579007404,50.48067630615036,1
203,52.21033695525353,35.20700189624212,0
204,63.72082408519233,27.210782924737128,1
205,43.67365506816178,68.74438093170818,0
206,36.77320161157864,39.188092979678665,0
207,58.00274492007414,39.19012560297683,1
208,67.59882794248423,34.14127216375299,1
209,32.65408423201951,47.27122332176391,0
210,73.27183249036024,17.43820224087635,1
211,86.33033374656267,35.45513191701049,1
212,60.987795281141636,41.52093772359578,1
213,36.94775295645332,56.904996797790666,0
214,69.04050856814538,34.84807961076512,1
215,57.801557916052914,27.818211442018637,1
216,57.92330534381219,33.77132445109123,1
217,46.32734807408252,41.27477952148464,1
218,70.00917187624381,49.2273246819062,1
219,50.72507337309802,55.768518829587684,0
220,29.551908059789664,56.68654671966728,0
221,34.53755551747517,53.62551485372308,0
222,68.38496407494414,31.43915320922783,1
223,73.72320636720679,26.381549446007387,1
224,40.56649924897107,60.131057981760826,0
225,38.887739386513,45.00697767705089,0
226,42.825799504882994,58.61503525206102,0
227,51.172002690356635,32.77190780718394,1
228,52.897527540827454,57.88693629279857,0
229,41.84680305864909,47.48030668261181,0
230,20.062643574285445,56.94384301577336,0
231,69.73832920911788,31.47868898955899,1
232,69.6210347426327,44.356462908142305,1
233,86.22156197012633,24.90090298154786,1
234,26.43418195376595,56.94736194718775,0
235,32.71997058770866,47.55097355193551,0
236,18.47109407047517,52.410950262959226,0
237,77.66911149186623,23.34115541516617,1
238,76.19574911434577,36.80177393690794,1
239,67.96984673233186,18.74671122521422,1
240,37.05050321707972,53.19520086409374,0
241,71.29628841923612,23.464514632102112,1
242,59.9305682462887,29.206593089764937,1
243,55.92436337958402,33.96545510378084,1
244,54.32379570617405,37.161545760221856,1
245,60.599555133030165,35.26835418138264,1
246,55.956833748955916,32.63009928242784,1
247,57.26990216144534,18.553799183055617,1
248,68.85317379728836,38.42522282666323,1
249,50.91310120594269,52.61067900830306,0
250,67.54420843301213,19.415281652740013,1
251,75.9877685198719,31.753202621311512,1
252,62.6105195313359,36.960541845510036,1
253,66.81866255058495,22.0829749074373,1
254,40.86143883046375,59.31922544673941,0
255,57.40867338446302,29.971179687275452,1
256,80.51151975522524,24.788655971084413,1
257,38.4147042697303,46.567534046838084,0
258,70.1503526720866,31.777070173069703,1
259,36.975303135118715,44.32197078420807,0
260,65.79709337654319,65.29960817581161,0
261,66.74577812831839,44.03835345587492,1
262,61.78614158347007,35.66685157839483,1
263,70.29804177915283,28.799555303739787,1
264,50.87696298664709,31.791072194233053,1
265,47.59155160302647,36.69367103143543,0
266,70.88317206484577,27.125663273703523,1
267,28.30083164289712,65.85786324939347,0
268,49.56702316794584,58.24359281721603,0
269,58.22838288487888,12.409552347039345,1
270,55.01333651955487,60.08725023229934,0
271,50.214137542201584,22.09127114279266,1
272,66.15674634292859,26.128913327565428,1
273,74.7511973341775,33.52011560042666,1
274,70.1378595091221,26.17001102669218,1
275,67.6105527217989,19.991091388917575,1
276,40.283554998727105,28.61542540572904,1
277,68.61395605508415,39.968681539981034,1
278,46.963874474567156,39.291238479315005,0
279,27.757017637106344,63.10808273159782,0
280,60.14636452170897,30.658271914203393,1
281,65.865897874729,22.068861204349542,1
282,83.76170839215887,37.018898324605374,1
283,72.70865193886966,29.213282985642,1
284,62.6586304305082,45.014366500464526,1
285,22.39191188019224,59.24061044464089,0
286,49.65885829264378,46.602086981002124,1
287,31.015320182089628,52.58742345381457,0
288,63.14341023336183,25.625128470076863,1
289,14.46078865098045,64.7519762978243,0
290,73.5765962320202,19.98768460647645,1
291,38.529979983715116,67.81016361735112,0
292,40.14688194729197,62.796605322693395,0
293,58.99361310081195,30.445799298309556,1
294,49.495541354413234,45.72646865809426,0
295,69.01711722098942,35.672030060708096,1
296,73.1286211883896,39.65207173206686,1
297,45.82097703468616,62.47910256117534,0
298,37.28876398957431,57.2323891412916,0
299,33.31909546356951,58.50630099273559,0
300,45.792914996010886,62.42127491071892,0
301,26.280988570686436,48.77350638265548,0
302,66.50393786476208,20.733082486459658,1
303,60.881230338775325,38.07853671474108,1
304,48.38490774451642,41.54020319753251,0
305,64.67305251905907,26.328925897048478,1
306,56.16142563798867,29.68355876914676,1
307,30.016145608117085,58.77100393902187,0
308,37.51308873816453,43.56273792679338,0
309,49.960476858058165,36.96860323744055,0
310,31.7311964596014,48.4623366135118,0
311,44.90974951638251,54.66770009355539,0
312,33.97787939638219,61.21571889856051,0
313,23.848681840944906,66.24112719986013,0
314,56.607824767773614,30.11143433530357,1
315,43.74056569847572,51.46833707189312,0
316,67.96120277064576,32.60906417793694,1
317,52.69135683566045,38.11496052014505,1
318,50.92536225623445,24.464735440950044,1
319,33.43105721028604,55.21311648671942,0
320,69.91919171506505,13.666121052605675,1
321,43.088330125989636,48.53772690156197,0
322,65.60230209941027,25.640647305528404,1
323,43.216978061960134,56.79581781939598,0
324,56.391168054440676,50.96351536758003,0
325,71.14166700043425,19.642548194232752,1
326,37.90976742713975,62.93488720552213,0
327,44.607678222398995,16.651327408979284,1
328,68.71145873371309,42.756040505799774,1
329,56.69904504351406,65.32546204341658,0
330,80.79212815507391,23.809686407171416,1
331,72.91662693962935,33.01769500051617,1
332,49.190764829877686,44.99668675394425,0
333,44.68774256075024,51.30389663956366,0
334,63.61735698828815,22.622677406578998,1
335,67.50492850345877,22.614134031112766,1
336,61.078918468678424,34.74481006374707,1
337,51.795433869157236,23.95693654117342,1
338,59.70239796232961,35.68767974562793,1
339,60.223425532348834,19.327796040654363,1
340,45.124310853991076,40.17244075995327,1
341,75.53802052034902,26.30179769035966,1
342,68.33662105286949,32.55825547314029,1
343,63.698569456323156,31.55271994318646,1
344,73.52433334796224,28.288089246195927,1
345,40.570131248970846,33.48184598670695,0
346,63.52942618497861,25.98356620517911,1
347,67.70456825779839,28.474540793893226,1
348,34.488142836714665,51.6618051024399,0
349,33.564817696198574,52.314693520941674,0
350,62.50963960443622,26.0499473347095,1
351,63.91239851543143,31.57216935761176,1
352,43.23167714184781,50.34689543219947,0
353,45.58326912521722,68.17115067339866,0
354,85.75400798645438,48.32754058072594,1
355,47.36843897092433,60.55604466003449,0
356,75.58424486849587,34.908143781843336,1
357,66.30740577286092,46.0816363101308,1
358,67.80991867735032,34.725238645538475,1
359,57.269638512334055,42.65651128120078,0
360,62.009926495341325,44.01816354738898,1
361,63.843517176117594,27.92326918909116,1
362,46.09138120907177,51.33175588185313,0
363,59.33702270397228,32.78065364289337,1
364,73.30335816544246,34.40041679219642,1
365,60.40639100459756,22.140100851693525,1
366,32.43204911430539,39.158640569945106,0
367,70.70598668593159,20.85596069815613,1
368,33.90487797840717,62.0945181713904,0
369,32.46582129653817,68.40450446023145,0
370,73.56398794323472,31.66150149730489,1
371,35.33963498131758,81.44343347017035,0
372,38.147123411222914,73.73297776217545,0
373,40.03046020153415,53.311782768099896,0
374,48.305947188786284,38.84420746366387,1
375,73.21902504375224,23.777466499272997,1
376,30.793264069206337,48.921780129055676,0
377,53.93665025993972,29.737973838272012,1
378,42.00569197230943,45.28343265458714,0
379,59.69498852389472,26.258390389504868,1
380,62.30125064706629,29.84289760858655,1
381,59.0842861116417,35.97002852821777,1
382,59.36275447196025,25.487370954106172,1
383,64.404746439382,17.874047080022144,1
384,58.54880245394876,38.7320548153797,1
385,69.78979825746391,25.18905884839029,1
386,64.64173960890048,27.25849924735721,1
387,46.48280433843859,68.95683810789956,0
388,52.391160456649544,25.014875788601884,1
389,60.06092888159123,51.29988970117872,0
390,31.963254320302692,51.65224667893459,0
391,86.90455625809979,28.528133309178568,1
392,73.2206015999449,29.720092076024308,1
393,14.089577078550903,68.73658545162958,0
394,69.96714153011233,36.05590893316281,1
395,65.58199285668252,55.064222698109376,0
396,44.325578999601234,38.62944666745037,1
397,24.743436854299052,50.26160652929084,0
398,59.23228669431667,31.20335124114861,1
399,40.81829358547565,56.26379579546412,0
400,52.542612212880115,19.786011393437526,1
401,36.003638143853976,49.075357408471056,0
402,43.76104275690193,22.264190854966294,1
403,62.80328112162488,35.773376512345884,1
404,60.06999065341167,34.05819224885838,1
405,68.24083969394795,44.79164875956276,1
406,57.27174785462428,32.13640212695407,1
407,60.53485047932979,33.436945753060684,1
408,52.26933223884308,54.48606276411514,0
409,54.62753845673544,30.629081522528725,1
410,40.760053914124114,53.81931473008921,0
411,43.81158384882778,52.49953485401047,0
412,29.5308901731806,74.01190685753008,0
413,44.28816500330573,64.53125045376086,0
414,58.19975278421509,22.193013976181337,1
415,51.965715016644914,52.53937511870051,0
416,75.57122226218915,29.565641067857502,1
417,58.960148132841795,23.224309213453378,1
418,45.99928729996205,73.38183676795123,0
419,48.17766299200287,53.796188360464015,0
420,50.39904687396076,54.62963202951588,0
421,45.365098435704034,59.098186569285126,0
422,60.30525614065048,15.770238008765771,1
423,33.22284630247894,56.150260791474174,0
424,73.2940558118349,23.96828328906659,1
425,45.36652752527286,54.39339186185379,0
426,83.52278184508938,42.23640255568491,1
427,70.60784526368235,25.87164217426101,1
428,78.68631557532349,33.49058935739226,1
429,63.482149049644164,34.67142548260771,1
430,39.74973041254856,66.07080669286972,0
431,33.26509375756132,57.98752908365686,0
432,34.357524013426115,50.63614109473431,0
433,41.36535331082737,61.713400764504655,0
434,62.97807347566106,47.30603778644368,1
435,74.54001763493203,41.57582307482986,1
436,39.17319314157301,36.989422658472606,0
437,59.37712470759027,31.03376945580182,1
438,54.711703274936085,47.57529414301952,0
439,45.29692754356731,52.40453322416083,0
440,74.59270826085206,24.779008165580873,1
441,60.393612290402125,8.424906856467427,1
442,86.89802933217672,17.328777412114214,1
443,59.00607354555978,33.40366049427972,1
444,62.76537214674149,34.478323583448315,1
445,55.62174960084877,27.526623012250884,1
446,80.02357052096028,26.13450830160501,1
447,72.11614878088889,40.539152525074606,1
448,55.30750832343698,52.76534017628148,0
449,41.417169136399046,51.7767953078866,0
450,95.78880808455239,42.00607832507448,1
451,49.851527753141355,16.71231253187207,1
452,21.3346338292694,60.00844474944457,0
453,66.17327383308782,30.37149238524919,1
454,73.13509636000639,42.6196262381078,1
455,42.24684725751886,54.73594243041073,0
456,61.65002344901084,63.96839315865532,0
457,37.964196398976384,69.12220555415429,0
458,57.436492547156966,33.055483617852424,1
459,58.38213535231612,37.87457918781267,1
460,65.67518481410109,33.39332757121533,1
461,45.403298761202244,30.58654373750723,1
462,27.56136764608715,52.08188731084456,0
463,47.348777860498174,52.918831427274604,0
464,71.38592458777374,32.57085772360219,1
465,67.43687211491913,36.97965862624116,1
466,62.35343166762044,29.40453256719963,1
467,59.74244978319239,29.61830915086416,1
468,45.8857840442061,38.37508011964326,0
469,76.35565640180599,26.4821515338066,1
470,71.81952971294965,34.863172077732315,1
471,56.91506397106812,20.222977528864437,1
472,32.30026768941358,64.85729995679863,0
473,61.572854834732304,24.365250475657927,1
474,33.8659733645906,44.46317580853646,0
475,83.96792982653947,44.16640508508408,1
476,45.38296079049633,53.68743032907695,0
477,44.86501643826202,61.153674840130535,0
478,25.973947282003067,58.23079273116029,0
479,36.34678448687891,57.131966282376894,0
480,58.260097135469366,48.07579020126144,0
481,34.2348959927328,60.11202599524981,0
482,82.65454240281096,24.898080125989473,1
483,61.57308213265503,39.952796259689975,0
484,62.54611883997129,24.98426353769786,1
485,61.89733243406544,31.492872985250866,1
486,56.50155630535208,28.202934800023804,1
487,75.32465260551147,39.51213224886041,1
488,68.10907565598005,28.070111537149362,1
489,68.61636025047635,8.792241532855904,1
490,71.90143991711112,29.282114445702184,1
491,65.69802084990019,29.868616831417985,1
492,20.33643410623998,59.41940649569409,0
493,33.94384460263136,50.7069777548274,0
494,71.25667347765007,31.42160800746603,1
495,44.369381697463496,55.700521631131814,0
496,62.305931655554424,33.19378498084223,1
497,43.93317839394372,70.21316051922452,0
498,39.78632705651564,54.451059993837134,0
499,56.81779316766527,31.06375739317501,1
500,80.23029856408026,40.845102870439604,1
501,73.81639756949451,28.429201207320173,1
502,40.103526198433805,49.64671814046077,0
503,50.75251813786544,40.76336036923982,1
504,70.76556963055766,17.54734481072199,1
505,55.44459559399574,27.20593836545257,1
506,56.7931768164829,29.2315208022028,1
507,56.532062819315954,29.438674308330825,1
508,68.66598246096848,35.21858302730736,1
509,66.96861235869123,19.639369823491073,1
510,80.86016816145352,26.084484459854224,1
511,61.1468640313824,39.507146187584674,1
512,67.24092481810416,24.58886158352584,1
513,50.85895565831578,53.67366253617426,0
514,79.41273289066116,28.584422180047603,1
515,81.44967713501283,37.97013455557712,1
516,58.49357430878173,38.86546253390013,1
517,56.38715798671736,30.415567086458395,1
518,64.73486124550783,29.22629510503686,1
519,52.63049289121918,31.494134115816628,1
520,65.12592400781794,44.40752346328652,1
521,88.14658566673509,25.861692399197022,1
522,55.615111967268525,47.478435944094166,0
523,63.85460154747382,25.430568081737626,1
524,59.81729781726352,33.914996489823345,1
525,65.68562974806028,22.173017779079743,1
526,65.35263551971728,7.211659034959396,1
527,60.49934528520756,35.58578650890872,1
528,70.7707212718054,21.229799304838387,1
529,34.18319086051356,54.203586087542845,0
530,31.607903326609936,48.4999741917654,0
531,36.908835357974986,50.683796872819514,0
532,67.57550390722764,13.344564736930224,1
533,56.6125921454787,57.69126941245107,0
534,71.62130674521046,25.753049816637436,1
535,65.05113456642461,37.392216153655205,1
536,60.15765927133749,25.43402965000419,1
537,60.55706739923888,31.79131307251729,1
538,26.68767046442222,66.87679388461564,0
539,22.392372408441823,48.293797909233554,0
540,67.14093744130204,32.17263069756299,1
541,63.387142883339905,17.54696661180877,1
542,72.3846657999541,27.313722405678973,1
543,78.05478807154329,29.237635740904384,1
544,52.52216818035151,26.898387520512127,1
545,60.123937759275066,24.494797238578208,1
546,49.34319911239274,60.01094169939845,0
547,61.907876241487855,29.806999303119973,1
548,89.63242112485287,33.19308891481657,1
549,85.9238727568546,24.399033480486615,1
550,68.57112571511746,20.967585830262166,1
551,65.9707754934804,27.112270673447362,1
552,68.01547342333612,38.82641505613217,1
553,32.980083121932445,56.22670315994795,0
554,41.19580368414153,55.754336389015926,0
555,68.22718560338089,34.558138241857634,1
556,65.46980593764742,24.82450577835541,1
557,76.58110873500068,25.528625221827294,1
558,65.99651365087641,25.68192255752511,1
559,56.24381746615243,37.33062139761985,1
560,57.03104744529523,30.12463238065174,1
561,75.375399442579,17.256050131746647,1
562,36.27793223928947,75.74082669749973,0
563,62.4743184860684,25.09769047612491,1
564,28.803825667109887,74.58347454220593,0
565,47.18953310665067,39.862856073871725,0
566,32.527883208521764,57.85554074857657,0
567,57.81555778747564,29.635311869156016,1
568,67.93072473298682,22.404808889344455,1
569,32.64470057410233,63.40620026504553,0
570,49.13584626233249,33.64325786021304,0
571,27.457105768307507,25.596113653357197,0
572,57.4626383564251,44.49958846397543,1
573,25.210884312258713,71.12278257988646,0
574,49.80630034045987,41.36403398391884,1
575,21.9801956241998,61.77875319530908,0
576,64.49761890550863,31.739462985437783,1
577,62.96954613957007,18.479592939245645,1
578,41.40886246911204,42.70450405547583,0
579,36.118231814587716,64.50307591973575,0
580,51.966314866456514,43.94295331514064,0
581,33.309272613400836,48.882309090947146,0
582,59.982429564154636,35.703987441379105,1
583,37.73521108098473,49.04338705956508,0
584,69.73237624573545,36.67137723639123,1
585,51.71813951101569,19.68031280207157,1
586,55.35076539419896,30.304027825345603,1
587,80.23124077269657,35.86112061772464,1
588,79.75356216949552,32.816443172114376,1
589,68.11250154543536,26.5750787122727,1
590,72.67434729152909,20.042762373508666,1
591,41.92049116490031,64.9831089814796,0
592,31.494795457907,37.51468026761819,0
593,49.638791167949094,55.678555105274036,0
594,60.25054688839044,32.31334915126254,1
595,47.94264679621827,60.935567222808615,0
596,52.997035929442234,31.33161766570445,1
597,76.63163752154959,18.965446175883784,1
598,47.78361076166638,61.969544045107355,0
599,70.8685709380027,31.366923505023536,1
600,47.0810867668859,45.96298139269872,0
601,38.06340540720282,77.31300146192632,0
602,36.20872259012513,55.24219456672758,0
603,34.481418541075534,60.462842480037,0
604,62.8231879677278,27.537774120375992,1
605,55.91975924478789,33.84807385389371,1
606,30.283859614893487,47.03974143196511,0
607,41.25224502647907,53.1710355889516,0
608,64.8148686400761,32.74180277102163,1
609,73.1351721736967,43.32379555570061,1
610,56.02745628514168,45.04925655552472,1
611,56.77700814076441,45.44877420650647,0
612,51.906462747863415,66.6187830260819,0
613,60.79015519179737,27.40134893193102,1
614,39.724850949493636,58.08050539504102,0
615,76.43754043206928,21.171285462273833,1
616,50.6413784882056,23.61362204369237,1
617,60.847120860991986,41.136018290756795,1
618,41.33540904782282,59.037300903366095,0
619,51.73473857485325,36.18150954502361,0
620,47.36959844637266,35.56965091850735,1
621,65.75804558193727,18.415888796670046,1
622,28.966333938261265,57.83287871546142,0
623,55.253183297726785,25.39489739009781,1
624,61.45149127773388,66.48445709196756,0
625,52.62584103427182,54.855477291217206,0
626,65.77368307647619,35.82103634909584,1
627,28.041169379648156,44.09033569784802,0
628,72.5138712337179,38.4052351680609,1
629,57.979469061226474,21.35149337920082,1
630,55.22444755201449,29.539049623731316,1
631,26.528737104703033,51.80946064333382,0
632,71.86260190374513,48.391184988954,1
633,59.39818959803031,26.853289501381113,1
634,56.43916174091133,22.253244361090918,1
635,49.278401280812375,46.08807774584713,0
636,22.315606344371485,59.966992232365214,0
637,55.21236284217693,34.41991963533718,1
638,62.80899471191136,29.499254976803822,1
639,25.816342670669684,46.90396480078354,0
640,47.22381357827771,64.64851633097457,0
641,55.14273953664456,33.95224149026191,1
642,23.86438602123259,56.94607455237243,0
643,66.9905969557347,25.85910960771063,1
644,55.906125452052606,16.318652858746994,1
645,41.76441555277225,62.25095786847997,0
646,47.75082167486967,49.56601583693461,1
647,82.55340842443204,25.41039996849137,1
648,37.18672442881787,55.895806812552486,0
649,58.46670767426288,49.64240111928716,1
650,38.99845923520047,37.26967531793119,0
651,70.19346514241172,35.14178207894035,1
652,59.89983601145253,33.52379790368319,1
653,62.658466252766644,33.307479225789606,1
654,63.85263558533101,35.39855593733283,1
655,40.281811573691286,61.72573701202731,0
656,53.08696502797351,23.13313775855029,1
657,68.94452142378297,37.85412389593275,1
658,46.29208078974145,34.75803473332229,1
659,44.59972142939117,36.248275303542556,0
660,72.58969220493267,18.115517015704224,1
661,49.039348410861955,62.083038472010635,0
662,50.88748619704186,45.80615408413577,0
663,35.120885918542974,54.16894427371305,0
664,64.92027358683383,29.42718992468749,1
665,47.660802783846904,66.26050250772168,0
666,75.03532897892023,42.03194390866151,1
667,56.727690564476774,33.58166848013852,1
668,45.578103063518626,63.47421677150422,0
669,84.6472513291639,36.173589685186755,1
670,81.32411303931636,32.28692312579924,1
671,69.12931454275625,31.95040571016959,1
672,56.710049890779274,32.94938647098321,1
673,59.07606075761131,34.90219124050056,1
674,83.31458765854353,24.54412601601761,1
675,59.556172754748175,42.74549301311518,1
676,66.10922589709867,25.910274588550518,1
677,31.96821049319655,86.37748533659993,0
678,80.32738913002578,40.63322024105945,1
679,65.58208718446,30.22654700904369,1
680,79.79944138890026,29.702222107921266,1
681,70.13267433113356,33.55410649188832,1
682,65.18418379189552,36.07142871829412,1
683,67.59722501721483,29.48689322725606,1
684,43.01791899819466,54.707371863150215,0
685,58.99783122841205,31.79030361311119,1
686,56.07345576019993,56.085597057765234,0
687,48.92516765438772,25.00145137843457,1
688,29.348863369246274,58.319803305690144,0
689,72.17542255795962,35.17756751762193,1
690,33.37099082449052,71.2467845846956,0
691,33.50722454933993,44.376064718531204,0
692,38.298153774750716,53.92697855995771,0
693,51.797667929793576,28.022580939835226,1
694,51.85704154662997,47.91593233089537,0
695,35.70594458874747,68.74876419148185,0
696,72.55391225825755,32.919688019729804,1
697,42.407531794885685,43.0636316824352,0
698,66.01683114180395,64.19154173610002,0
699,50.98148937207719,35.94611275218172,1
700,65.91760776535503,37.48542714517969,1
701,28.58310885866495,72.32514999485092,0
702,58.54092566334188,50.27909422302873,0
703,75.88950596967366,41.627075816941606,1
704,57.495767431869396,52.47646497873713,0
705,29.75813175670795,53.318561814152105,0
706,81.87141635072564,27.927662833434376,1
707,66.73180925851182,21.3515476767339,1
708,52.477420726737336,86.93107567844861,0
709,29.852432693071332,59.52371796249734,0
710,44.365598041576675,66.88913371474644,0
711,71.51391251305797,31.572438212092596,1
712,36.329721609166775,60.16178287114958,0
713,55.43243528272189,52.139957781198895,0
714,70.62969236690572,28.88328297475861,1
715,60.280681342105666,26.435979828793826,1
716,64.87753227153085,25.558403786454413,1
717,30.405607632765204,57.39246864111149,0
718,63.929696400454425,29.795567432068438,1
719,77.77664895788425,19.121150872160648,1
720,46.337768809320984,64.19228934575203,0
721,54.22255222070694,25.817119782773855,1
722,40.34083468259226,53.12855734995451,0
723,35.11150578213726,66.00959634998571,0
724,79.51143607795042,36.72514839190979,1
725,68.37602662075201,43.13612128109095,1
726,38.13028697014554,50.645136294301565,0
727,53.281941418490575,50.1693894831656,0
728,35.46771950672725,59.477169258102776,0
729,34.46411758292005,59.235990655934614,0
730,65.99332305429226,31.60879237371974,1
731,75.30999522495951,50.58687842599888,1
732,64.86502775262066,28.735936811368084,1
733,41.69360824036078,67.96994546561109,0
734,74.26177547531641,37.984080878877215,1
735,36.629140288819606,38.83689391563412,0
736,56.01585328651642,31.66706246358042,1
737,69.73592430635182,16.379331166097277,1
738,47.53341621104533,68.92465300064329,0
739,44.446026682201406,50.891857120454155,0
740,54.90726136849952,51.968202171657246,0
741,52.38283071433636,64.69457200526736,0
742,42.673923140719026,60.13907849658915,0
743,38.47530163619456,54.758043936090836,0
744,39.939290884601064,63.71297297457244,0
745,37.78746376414228,54.014118677157384,0
746,45.65509645631544,65.00582318042979,0
747,45.43298029036388,47.00807993349746,0
748,56.97722730778381,18.732309629091525,1
749,63.8767195030917,27.100472468774942,1
750,21.637946268967035,50.35382702701607,0
751,57.85648581973632,51.05905651869912,1
752,76.4282281451502,27.09110230228915,1
753,71.79597748934675,27.74572312911594,1
754,40.20793707675408,53.36933036056236,0
755,66.83342005738352,10.608965386968347,1
756,41.70416222375488,72.10613372581925,0
757,66.20295631711899,38.39642172255468,1
758,56.10485570374477,35.662015483643806,1
759,73.35692112065142,27.619491973120063,1
760,41.81021558703707,49.512750922590385,0
761,56.42842443583717,19.31724513031919,1
762,54.87168879665576,30.875158356839144,1
763,48.949243769444415,54.22162802987198,0
764,40.66990717224872,53.02661579692674,0
765,68.4175597577716,42.027186414137205,1
766,52.130976999791834,71.15375689469442,0
767,61.77938483794324,37.861527871564114,1
768,78.53872374165412,35.12674289013608,1
769,31.15197285973099,60.51485376040468,0
770,60.79354677234641,38.392073806695116,1
771,63.19329539981695,67.17158520825497,0
772,33.94285076996662,62.60055963689602,0
773,60.67441812180379,48.01948644275447,1
774,67.48220586300336,37.52616950390573,1
775,46.30811684554777,48.79152401748884,0
776,61.98896304410711,17.97485637505515,1
777,37.96326249823034,67.61921500713991,0
778,24.44104353796373,80.89563642018614,0
779,71.11676288840867,21.147792730066637,1
780,53.31321962380468,31.202414091695022,1
781,68.43618289568461,28.152523758330577,1
782,11.277377867183507,55.97983153470896,0
783,57.367408434574834,43.067452258408764,1
784,45.07835756289624,45.12820472848816,0
785,33.48643106208171,44.72324859074042,0
786,74.17861947054776,25.556183046717962,1
787,38.32878286213589,48.87562625359562,0
788,54.97470635362191,38.93836665270502,1
789,73.12525822394198,24.297233738582683,1
790,51.198985417851084,18.28500095832144,1
791,54.18451996385605,31.910313272212107,1
792,60.56207129940322,44.096009225571535,0
793,70.21941565616898,25.107857576064415,1
794,52.85811387212268,17.8145047617298,1
795,68.75698018345672,28.993704639202814,1
796,71.47688538100692,36.95684736084528,1
797,65.10233061019586,24.15255968046465,1
798,32.58732659930927,42.38004161064049,1
799,37.73515901150168,44.27256974260193,0
800,38.55912444278385,63.08057798281145,0
801,51.64739354457171,64.47526462122858,0
802,26.33121301584579,56.89581616598743,0
803,64.22898290585896,35.05926191244417,1
804,28.124015809704872,56.13270410537764,0
805,44.55887772081608,71.12220628255425,0
806,59.46350694652818,34.348801236755456,1
807,69.12780926936499,24.3745885989929,1
808,71.24119817052156,42.52419223387472,1
809,42.33785911790748,66.87386051564751,0
810,29.84178181021603,48.73282775410035,0
811,45.136001065697165,57.537396614945735,0
812,62.65412866624853,28.520782908456088,1
813,47.868654709091224,44.38149221479618,1
814,41.60573981049865,53.955507814625285,0
815,103.52731490654722,22.84314158224397,1
816,43.996879517526416,56.598563919974005,0
817,59.69742381627559,25.597558769236638,1
818,71.33919022318011,31.873717860292167,1
819,65.64280019095463,42.6365771658457,1
820,30.66732040926804,53.24114187567663,0
821,44.190190093660455,68.17597535607959,0
822,70.38910043684659,29.35426735913134,1
823,72.47293605123262,30.22995858347854,1
824,29.902692952900622,65.70150238316427,0
825,76.67782061659807,24.88830601848398,1
826,59.23108130476851,35.60938193848719,1
827,71.10370265433465,40.22761490085839,1
828,84.0941664047013,6.829956974450486,1
829,27.031680520441533,55.928449011411146,0
830,37.49166983544953,63.950383140761154,0
831,59.106352430557884,38.53339751671323,1
832,48.33528961608925,58.257963165821664,0
833,39.29501221940909,62.38810480887503,0
834,35.429037434137285,51.5680772450259,0
835,53.90207549017313,33.27330453985964,0
836,40.405916912038826,45.466713917412875,0
837,60.13387247526623,53.398672044333594,0
838,53.16741487334225,27.94098770061324,1
839,43.94671529822981,66.26705136827583,0
840,47.42095372009307,55.824397529345035,0
841,58.37376241054153,35.10984177623348,1
842,65.47398671316414,37.71269734630686,1
843,50.84629257949586,25.818215835847685,1
844,24.374541431134574,53.05091719647319,0
845,86.43944089325325,29.72252090090575,1
846,40.6447441481012,45.645612979554045,0
847,38.52397413701331,53.94051645695864,0
848,67.7669079933002,34.97447969773757,1
849,54.92688568959522,65.56056809066052,0
850,27.903052571588923,58.67287313401341,0
851,28.96791634278317,69.10932379746271,0
852,62.63181393259991,37.117046364987495,1
853,40.884068862918475,43.060749936009444,0
854,37.097254558113484,48.222550294751485,0
855,49.05572341205633,41.194843492688015,1
856,85.60747924881987,34.182683904284,1
857,43.885786045309644,60.86693801475275,0
858,54.91913689082596,34.51127296041888,1
859,44.137990974514985,48.31855914461006,0
860,66.53725105945527,35.452005578980994,1
861,65.13001891877907,24.182902593401053,1
862,46.93105607263144,60.130854200972934,0
863,67.2745993460413,15.273006149346838,1
864,55.28468426412532,52.88869761172305,0
865,31.81801116577693,66.73124637586642,0
866,33.07094802204092,39.36809191303343,0
867,74.55142320501238,33.16642826749927,1
868,71.8605145999844,30.96025061374609,1
869,36.83591550305198,45.77589815501497,0
870,57.16746707663763,32.048237874511,1
871,32.949881442415915,44.934574347203586,0
872,31.646529467402427,50.736424037944566,0
873,67.35614558108566,16.456345486436916,1
874,39.117179516487454,48.56450167682538,0
875,43.30880232214457,60.796331732135755,0
876,30.960923585352102,49.95225078771782,0
877,83.65774511144757,33.946543207047114,1
878,48.15737212539297,57.332161312635016,0
879,54.93982618500298,39.56037303139874,1
880,59.23096344337597,30.215086711956246,1
881,49.553052085705104,43.73232531090195,0
882,42.68592278863257,47.8084668075758,0
883,68.28751109659684,27.00143353960322,1
884,67.44966571108722,35.20160942366929,1
885,70.15047686306048,40.04604900458817,1
886,73.49602097021025,39.35436472356538,1
887,34.672991603380886,59.676931717654334,0
888,50.364850518678814,27.52362848548808,1
889,42.99292580406492,40.4244850053507,0
890,67.32253697161003,38.42913437286272,1
891,38.615440160162265,53.65691258529452,0
892,57.07479261567299,29.604290322780535,1
893,68.84065448939307,43.47142153166295,1
894,65.71566237219392,30.84300404916768,1
895,67.89774856896413,10.004754281011415,1
896,26.881637676498404,54.094667176958396,0
897,38.65982833327082,51.919657158142584,0
898,46.191542610051975,54.7347874075094,0
899,45.689830791852756,75.62524919243145,0
900,63.40061470036573,41.55011683258608,1
901,41.83359919779156,68.14914453584048,0
902,40.21271576736061,59.27194361871685,0
903,48.8404539636105,61.45215585950057,0
904,34.425082149921664,59.84732817294475,0
905,60.34270246429743,29.555322632716358,1
906,62.79030400466777,21.04264084299085,1
907,37.90676322848134,41.79977488779294,0
908,62.24948302848356,29.624635368966526,1
909,68.31263431403563,31.58467808614284,1
910,51.22330632042909,26.524030180541477,1
911,72.74634053429337,35.063454542044084,1
912,38.25040243304591,61.3472146856177,0
913,62.083062502067236,38.75353214776759,1
914,62.74223699513465,33.77174685708797,1
915,34.713833182502434,67.65707840864701,0
916,63.576205149787064,35.081374413455755,1
917,57.72251596669744,51.08351432578209,0
918,44.195324439070276,52.90778126255472,0
919,53.75357908162131,31.580796837539197,1
920,79.53534077157317,28.019850915587963,1
921,45.86719755342202,20.996087621612986,1
922,36.27166847908233,71.15582823548232,0
923,71.5655360863383,35.602479035271934,1
924,39.44230922342294,66.39878561129045,0
925,61.73976467832159,16.836810024344864,1
926,60.91924626978449,49.51801925071418,1
927,57.07127167737656,24.62701305649559,1
928,67.03463635867223,46.61398386848673,1
929,70.42560043585965,41.968354491913466,1
930,80.64643655814007,27.02847307203367,1
931,71.69672548830039,37.069279499893376,1
932,79.41568620657901,31.004611627772338,1
933,65.67528204687923,45.05619597180027,1
934,54.29107501938888,33.04158280804771,1
935,56.745028032074885,21.830137462954294,1
936,58.98293387770603,16.460282962281447,1
937,20.245334336461287,65.85982116175032,0
938,66.13517345251248,50.21545940698897,1
939,73.2541634898803,31.995069469686044,1
940,53.01741289398798,51.907909229501364,0
941,58.23077999694041,27.848890475561355,1
942,65.05243699718183,30.477042959361395,1
943,64.33920201352683,42.909690152469175,1
944,46.77925871339269,40.93682536328166,0
945,81.28615545571292,20.193874695981272,1
946,52.36093175210438,60.4673356820138,0
947,65.45571839903813,21.96687386598346,1
948,32.831776793971954,61.380511014407574,0
949,65.96995964992718,38.58905399887818,1
950,25.78189333258156,57.67126651011483,0
951,77.01213922163944,38.180563456077124,1
952,57.69633368282864,19.244395911725782,1
953,37.86557129069792,54.805803941122676,0
954,62.10523001591351,63.52773675122219,0
955,53.490064225776976,22.083161437931352,1
956,44.61875464822146,41.074182548084146,1
957,41.84551303197037,53.90390196074169,0
958,26.301970204209223,46.536433450091266,0
959,61.84730755359654,38.25475631574908,1
960,39.96625542589048,58.69642192198094,0
961,64.37320902726829,24.995498387923764,1
962,68.57015485965047,41.05727192830022,1
963,31.724097793512804,48.585184047770476,0
964,56.36009230320184,21.57267549461075,1
965,58.84586305934609,29.697124772536704,0
966,45.812287847009586,31.688139737620947,1
967,69.82472415243186,34.88468596227059,1
968,67.41962271566034,32.23974901055856,1
969,78.66874267444524,19.736062206491443,1
970,54.40786478111048,41.04073083317961,1
971,70.95157025436913,21.787877604711518,1
972,10.786495165053928,62.542913298135744,0
973,40.61679849847972,63.62393472382759,0
974,27.903589813087947,52.04598589860971,0
975,56.91701714644849,36.083317249154376,1
976,25.151020315500965,57.38368982734785,0
977,72.87084603742451,30.976078517162893,1
978,86.53182457511556,26.430532534281763,1
979,56.72572386837703,56.68460976269614,0
980,24.052969327332043,39.970296716048466,0
981,78.56240028570824,30.851441821535175,1
982,65.48084946661382,23.965793199845137,1
983,60.574954697116986,46.18125348772282,0
984,79.02794310936099,19.214516623154296,1
985,79.77894044741517,25.80383786976181,1
986,68.26927373764163,30.83360883161501,1
987,50.214780096325725,28.034055487312447,1
988,58.77300480179406,38.869628644663266,1
989,32.140105394920504,43.20960208840198,0
990,42.935579321666296,61.55900776529761,0
991,64.27171087343127,33.6734406338275,1
992,54.77530081055262,56.429430947637066,0
993,38.27053940076577,55.436024463724536,0
994,87.70692857804396,17.435995171014582,1
995,64.80983792097311,29.34279057285945,1
996,38.80254895910255,18.73990644225743,1
997,62.11341361079862,33.65402575323027,1
998,29.278609880143932,63.00409525227683,0
999,77.7767682189851,24.486497455283455,1
